title,price,type
"BHL-5009-S Replacement Lamp for JVC Projectors DLA-HD10, DLA-RS2, DLA-VS2000",27.25,Was: £34.06  20% off
JVC DLA-X500RBE Projector (fully working but requires new lamp),93.0,auction
New listingSony Data Projector VPL - EX226,75.0,auction
New listingSony VPL-CX5 Projector,45.0,auction
OEM SONY VPLL-ZM42 Projection Lens for the VPL-F Series Projectors,94.63,Buy it now
Projector Lamp Sony VPL-VW11HT,70.0,auction
Projector Lamp Sony VPL-VW11HT,150.0,"Time left5d 9h left (Sun, 04:15)"
SONY VPL-PX15 PROJECTOR for parts. Still works but not fully tested.,30.0,auction
Sony Data Projector VPL-DX11 With Case,15.0,auction
Sony VPL-CS3 LCD Projector,40.0,auction
Sony VPL-HW65 Full HD Projector Black. Used. Lamp 2100h To Use Rrp Over £2.4k.,82.0,auction
Sony VPL-ex70 Projector,30.0,or Best Offer
Sony WXGA VPL- FW300L Projector Cooling Fans,70.98,or Best Offer
projector lamp for SONY XL-2400,7.0,"Time left15h 45m left (Tue, 10:44)"
